Experiment,rev,typ,Created,parent,State,Executor,metrics/train_metrics.json:accuracy,metrics/train_metrics.json:precision,metrics/train_metrics.json:recall,metrics/train_metrics.json:f1_score,metrics/train_metrics.json:roc_auc,metrics/test_metrics.json:accuracy,metrics/test_metrics.json:precision,metrics/test_metrics.json:recall,metrics/test_metrics.json:f1_score,metrics/test_metrics.json:roc_auc,preprocess.test_size,preprocess.random_state,train.n_estimators,train.max_depth,train.min_samples_split,train.min_samples_leaf,train.max_features,train.random_state,evaluate.threshold,data/processed/test.csv,data/processed/train.csv,data/raw/application_train.csv,data/raw/home_credit_raw.csv,models/credit_model.pkl,src/data/load_data.py,src/data/preprocess.py,src/models/evaluate.py,src/models/train.py
,workspace,baseline,,,,,0.9894800169100192,0.8951679326439096,0.9850453172205438,0.9379584791676655,0.9984013084961907,0.9094190527291351,0.33674568965517243,0.12588116817724068,0.18325758686409618,0.7429106116439899,0.2,42,300,25,6,2,log2,42,0.5,075aa110440308737923624b7acf0ce1,d3221d7352c4ec42100eb304ae60185e,793a017f41fbac1dc28176b26dbab30e,a6d63fdce8d0dc089c03a1bfea35cedf,353b72428924be05973d06e0274cf6fe,dbe6e469fd6c65f8337ce661e3c79424,34f66591d19f38e1831457cba034ecc7,068ee13b3dbc96c5506e865624f50a78,de27f15c7a65e786677b8b7e7b57eb8f
,master,baseline,2025-10-13T14:44:33,,,,0.9894800169100192,0.8951679326439096,0.9850453172205438,0.9379584791676655,0.9984013084961907,0.9094190527291351,0.33674568965517243,0.12588116817724068,0.18325758686409618,0.7429106116439899,0.2,42,300,25,6,2,log2,42,0.5,075aa110440308737923624b7acf0ce1,d3221d7352c4ec42100eb304ae60185e,793a017f41fbac1dc28176b26dbab30e,a6d63fdce8d0dc089c03a1bfea35cedf,353b72428924be05973d06e0274cf6fe,dbe6e469fd6c65f8337ce661e3c79424,34f66591d19f38e1831457cba034ecc7,068ee13b3dbc96c5506e865624f50a78,de27f15c7a65e786677b8b7e7b57eb8f
,53d60f9,baseline,2025-10-13T12:18:39,,,,0.9894800169100192,0.8951679326439096,0.9850453172205438,0.9379584791676655,0.9984013084961907,0.9094190527291351,0.33674568965517243,0.12588116817724068,0.18325758686409618,0.7429106116439899,0.2,42,300,25,6,2,log2,42,0.5,075aa110440308737923624b7acf0ce1,d3221d7352c4ec42100eb304ae60185e,793a017f41fbac1dc28176b26dbab30e,a6d63fdce8d0dc089c03a1bfea35cedf,353b72428924be05973d06e0274cf6fe,dbe6e469fd6c65f8337ce661e3c79424,34f66591d19f38e1831457cba034ecc7,068ee13b3dbc96c5506e865624f50a78,de27f15c7a65e786677b8b7e7b57eb8f
production_candidate,46c5cf0,branch_commit,2025-10-13T14:05:27,,Success,Dvc-task,0.8772722838281682,0.3785898942420682,0.8111278952668681,0.5162313731773754,0.9351667248502754,0.8319268978749004,0.2161276685690129,0.4118831822759315,0.28349622236085115,0.7403656755091006,0.2,42,200,16,8,3,sqrt,42,0.5,075aa110440308737923624b7acf0ce1,d3221d7352c4ec42100eb304ae60185e,793a017f41fbac1dc28176b26dbab30e,a6d63fdce8d0dc089c03a1bfea35cedf,5a7b0989bfa900ffe10dd462a3c304e1,dbe6e469fd6c65f8337ce661e3c79424,34f66591d19f38e1831457cba034ecc7,068ee13b3dbc96c5506e865624f50a78,de27f15c7a65e786677b8b7e7b57eb8f
ultra_optimized,d3a6af8,branch_commit,2025-10-13T14:04:03,,Success,Dvc-task,0.8703009658222497,0.3652852637935276,0.8224068479355489,0.5058770693633563,0.932262954652178,0.8236833975578427,0.20858530782194903,0.42376636455186306,0.27956417751793783,0.7350066725168081,0.2,42,185,15,7,4,0.65,42,0.5,075aa110440308737923624b7acf0ce1,d3221d7352c4ec42100eb304ae60185e,793a017f41fbac1dc28176b26dbab30e,a6d63fdce8d0dc089c03a1bfea35cedf,2c2b13b0dd020f5e4aceb63afda44c85,dbe6e469fd6c65f8337ce661e3c79424,34f66591d19f38e1831457cba034ecc7,068ee13b3dbc96c5506e865624f50a78,de27f15c7a65e786677b8b7e7b57eb8f
stable_learner,9a04e15,branch_commit,2025-10-13T14:02:29,,Success,Dvc-task,0.8097216350687783,0.2621611126800339,0.7478851963746224,0.38823252653039886,0.8727040465671216,0.7823845991252459,0.19154392906865977,0.5264853977844914,0.28089404685149366,0.742556179720244,0.2,42,160,14,11,6,log2,42,0.5,075aa110440308737923624b7acf0ce1,d3221d7352c4ec42100eb304ae60185e,793a017f41fbac1dc28176b26dbab30e,a6d63fdce8d0dc089c03a1bfea35cedf,a89e8ca42294826365603a6eefdde2f6,dbe6e469fd6c65f8337ce661e3c79424,34f66591d19f38e1831457cba034ecc7,068ee13b3dbc96c5506e865624f50a78,de27f15c7a65e786677b8b7e7b57eb8f
diverse_forest,e40f355,branch_commit,2025-10-13T14:01:19,,Success,Dvc-task,0.9174091899450424,0.493702216599747,0.9039274924471299,0.6386112198071928,0.9659491987806256,0.856966326845845,0.23351877607788596,0.33816717019133935,0.27626491155902916,0.7346539042247588,0.2,42,210,17,5,2,0.45,42,0.5,075aa110440308737923624b7acf0ce1,d3221d7352c4ec42100eb304ae60185e,793a017f41fbac1dc28176b26dbab30e,a6d63fdce8d0dc089c03a1bfea35cedf,3cf72eda9f6b259cae6f189122c4cc89,dbe6e469fd6c65f8337ce661e3c79424,34f66591d19f38e1831457cba034ecc7,068ee13b3dbc96c5506e865624f50a78,de27f15c7a65e786677b8b7e7b57eb8f
fast_accurate,232f0cd,branch_commit,2025-10-13T13:59:34,,Success,Dvc-task,0.7666742544957887,0.21501017278552123,0.7130412890231621,0.33039359790952144,0.8319891147400892,0.7498658602019413,0.17701035402070806,0.5750251762336355,0.27069308808191905,0.7389229220910589,0.2,42,130,11,6,3,0.55,42,0.5,075aa110440308737923624b7acf0ce1,d3221d7352c4ec42100eb304ae60185e,793a017f41fbac1dc28176b26dbab30e,a6d63fdce8d0dc089c03a1bfea35cedf,c843b8ce1189618981647dc6047a02e8,dbe6e469fd6c65f8337ce661e3c79424,34f66591d19f38e1831457cba034ecc7,068ee13b3dbc96c5506e865624f50a78,de27f15c7a65e786677b8b7e7b57eb8f
balanced_premium,0e51409,branch_commit,2025-10-13T13:58:08,,Success,Dvc-task,0.7946042405125037,0.24395986041308376,0.7356998992950654,0.3664154681446001,0.8581184271469882,0.7717347121278637,0.18684428492545554,0.5452165156092649,0.2783118285097414,0.7411188767443776,0.2,42,190,13,7,2,log2,42,0.5,075aa110440308737923624b7acf0ce1,d3221d7352c4ec42100eb304ae60185e,793a017f41fbac1dc28176b26dbab30e,a6d63fdce8d0dc089c03a1bfea35cedf,1b2099cd2d4f0133024775221d236422,dbe6e469fd6c65f8337ce661e3c79424,34f66591d19f38e1831457cba034ecc7,068ee13b3dbc96c5506e865624f50a78,de27f15c7a65e786677b8b7e7b57eb8f
precision_model,2abb1ab,branch_commit,2025-10-13T13:56:52,,Success,Dvc-task,0.8709310266332803,0.3671819156540386,0.827693856998993,0.5086959212725134,0.9326896670310512,0.823764694405151,0.20897740784780025,0.42477341389728096,0.2801354851564057,0.7345397869276096,0.2,42,170,15,9,2,0.7,42,0.5,075aa110440308737923624b7acf0ce1,d3221d7352c4ec42100eb304ae60185e,793a017f41fbac1dc28176b26dbab30e,a6d63fdce8d0dc089c03a1bfea35cedf,e5db37743ea07d66efc273b5f857a2de,dbe6e469fd6c65f8337ce661e3c79424,34f66591d19f38e1831457cba034ecc7,068ee13b3dbc96c5506e865624f50a78,de27f15c7a65e786677b8b7e7b57eb8f
regularized_strong,1f282fd,branch_commit,2025-10-13T13:54:59,,Success,Dvc-task,0.7263259731390849,0.18431763766959297,0.6977341389728097,0.29160353535353534,0.7888105548379309,0.7186641302050306,0.1666846768964772,0.62134944612286,0.2628551953308056,0.7400743654055519,0.2,42,120,10,15,7,log2,42,0.5,075aa110440308737923624b7acf0ce1,d3221d7352c4ec42100eb304ae60185e,793a017f41fbac1dc28176b26dbab30e,a6d63fdce8d0dc089c03a1bfea35cedf,9b34f553b3df012d8e01cd0b47f036ef,dbe6e469fd6c65f8337ce661e3c79424,34f66591d19f38e1831457cba034ecc7,068ee13b3dbc96c5506e865624f50a78,de27f15c7a65e786677b8b7e7b57eb8f
tuned_ensemble,28adde6,branch_commit,2025-10-13T13:52:21,,Success,Dvc-task,0.8992715684042796,0.43492063492063493,0.8277945619335347,0.5702393340270552,0.9505649153712153,0.8488366421150187,0.2299925205684368,0.3716012084592145,0.2841302841302841,0.7421710222646287,0.2,42,240,18,10,5,log2,42,0.5,075aa110440308737923624b7acf0ce1,d3221d7352c4ec42100eb304ae60185e,793a017f41fbac1dc28176b26dbab30e,a6d63fdce8d0dc089c03a1bfea35cedf,92c5b508ae4167d00877b6408590881b,dbe6e469fd6c65f8337ce661e3c79424,34f66591d19f38e1831457cba034ecc7,068ee13b3dbc96c5506e865624f50a78,de27f15c7a65e786677b8b7e7b57eb8f
optimal_v3,8945221,branch_commit,2025-10-13T13:50:44,,Success,Dvc-task,0.7915067802673084,0.24053558751176343,0.7335850956696878,0.3622822613733852,0.859229589126824,0.7685803944523032,0.1843324250681199,0.5450151057401813,0.27548994655128534,0.7378015523928029,0.2,42,150,12,6,4,0.6,42,0.5,075aa110440308737923624b7acf0ce1,d3221d7352c4ec42100eb304ae60185e,793a017f41fbac1dc28176b26dbab30e,a6d63fdce8d0dc089c03a1bfea35cedf,5f1ff56ab8bfe6ceb112ec146f8c1561,dbe6e469fd6c65f8337ce661e3c79424,34f66591d19f38e1831457cba034ecc7,068ee13b3dbc96c5506e865624f50a78,de27f15c7a65e786677b8b7e7b57eb8f
optimal_v2,3ed15fa,branch_commit,2025-10-13T13:49:16,,Success,Dvc-task,0.8790405190075119,0.3829671499184069,0.8153575025176234,0.5211528249360347,0.9369082665539937,0.8338292441019137,0.21841174579359127,0.4104733131923464,0.2851147174034695,0.7398469287844869,0.2,42,200,16,8,2,sqrt,42,0.5,075aa110440308737923624b7acf0ce1,d3221d7352c4ec42100eb304ae60185e,793a017f41fbac1dc28176b26dbab30e,a6d63fdce8d0dc089c03a1bfea35cedf,12ef6e4a6bc962fdf0e8f870bee740c7,dbe6e469fd6c65f8337ce661e3c79424,34f66591d19f38e1831457cba034ecc7,068ee13b3dbc96c5506e865624f50a78,de27f15c7a65e786677b8b7e7b57eb8f
optimal_v1,0c4b32c,branch_commit,2025-10-13T13:47:43,,Success,Dvc-task,0.8188392247406588,0.27361688870970696,0.7518126888217522,0.4012145803383089,0.8807485262928192,0.7891322374518316,0.19333333333333333,0.5081570996978853,0.2800999167360533,0.7417960888410675,0.2,42,180,14,6,3,log2,42,0.5,075aa110440308737923624b7acf0ce1,d3221d7352c4ec42100eb304ae60185e,793a017f41fbac1dc28176b26dbab30e,a6d63fdce8d0dc089c03a1bfea35cedf,291c9dbba2ce2bab694cdf5cb20db25c,dbe6e469fd6c65f8337ce661e3c79424,34f66591d19f38e1831457cba034ecc7,068ee13b3dbc96c5506e865624f50a78,de27f15c7a65e786677b8b7e7b57eb8f
high_variance,0cecdc8,branch_commit,2025-10-13T13:46:16,,Success,Dvc-task,0.9703708822477318,0.7503684524995021,0.948539778449144,0.8378961414433448,0.9921833975401433,0.8966554477017381,0.2923260674828307,0.1971802618328298,0.23550637478951164,0.73722283299236,0.2,42,160,22,6,2,log2,42,0.5,075aa110440308737923624b7acf0ce1,d3221d7352c4ec42100eb304ae60185e,793a017f41fbac1dc28176b26dbab30e,a6d63fdce8d0dc089c03a1bfea35cedf,42e2be2c8f0617b3ae4ebf4b455c3d46,dbe6e469fd6c65f8337ce661e3c79424,34f66591d19f38e1831457cba034ecc7,068ee13b3dbc96c5506e865624f50a78,de27f15c7a65e786677b8b7e7b57eb8f
controlled_complexity,3602446,branch_commit,2025-10-13T13:44:39,,Success,Dvc-task,0.8692440896231017,0.36074588698544885,0.8026686807653575,0.4977751409077425,0.9277082002872006,0.827227940100483,0.21348314606741572,0.42477341389728096,0.2841552142279709,0.7387601177395255,0.2,42,300,16,7,2,log2,42,0.5,075aa110440308737923624b7acf0ce1,d3221d7352c4ec42100eb304ae60185e,793a017f41fbac1dc28176b26dbab30e,a6d63fdce8d0dc089c03a1bfea35cedf,0c5e83013876c792a71c2207ef788913,dbe6e469fd6c65f8337ce661e3c79424,34f66591d19f38e1831457cba034ecc7,068ee13b3dbc96c5506e865624f50a78,de27f15c7a65e786677b8b7e7b57eb8f
diversity_focus,0b27d9a,branch_commit,2025-10-13T13:43:02,,Success,Dvc-task,0.9904434002146272,0.8946846400072134,0.9992447129909365,0.9440783996574773,0.9986782998348754,0.9086060842560526,0.3346774193548387,0.1337361530715005,0.19110663404806447,0.73648226573955,0.2,42,200,25,5,2,0.4,42,0.5,075aa110440308737923624b7acf0ce1,d3221d7352c4ec42100eb304ae60185e,793a017f41fbac1dc28176b26dbab30e,a6d63fdce8d0dc089c03a1bfea35cedf,4ed6bda76a56387254c06c0716a9e383,dbe6e469fd6c65f8337ce661e3c79424,34f66591d19f38e1831457cba034ecc7,068ee13b3dbc96c5506e865624f50a78,de27f15c7a65e786677b8b7e7b57eb8f
compact_model,5c74c36,branch_commit,2025-10-13T13:41:06,,Success,Dvc-task,0.7220009105394947,0.17983902889563266,0.6863041289023162,0.2849973863042342,0.7830448241694551,0.7157699624408566,0.16606189967982923,0.6267875125881168,0.26256064121493355,0.7396583238921344,0.2,42,90,9,6,2,0.5,42,0.5,075aa110440308737923624b7acf0ce1,d3221d7352c4ec42100eb304ae60185e,793a017f41fbac1dc28176b26dbab30e,a6d63fdce8d0dc089c03a1bfea35cedf,a0d8363a5690aa9a10ca9406099c5a17,dbe6e469fd6c65f8337ce661e3c79424,34f66591d19f38e1831457cba034ecc7,068ee13b3dbc96c5506e865624f50a78,de27f15c7a65e786677b8b7e7b57eb8f
robust_ensemble,cefe64d,branch_commit,2025-10-13T13:38:41,,Success,Dvc-task,0.8198310624044747,0.27516864878775066,0.7537764350453172,0.4031617359923515,0.8814570346334168,0.7900590215111458,0.19385160644117422,0.5067472306143,0.2804279982166741,0.7417786438637264,0.2,42,220,14,6,3,log2,42,0.5,075aa110440308737923624b7acf0ce1,d3221d7352c4ec42100eb304ae60185e,793a017f41fbac1dc28176b26dbab30e,a6d63fdce8d0dc089c03a1bfea35cedf,44af29edcb804cf31b6d569471131f53,dbe6e469fd6c65f8337ce661e3c79424,34f66591d19f38e1831457cba034ecc7,068ee13b3dbc96c5506e865624f50a78,de27f15c7a65e786677b8b7e7b57eb8f
efficient_deep,16c8dfd,branch_commit,2025-10-13T13:37:17,,Success,Dvc-task,0.9320794445709083,0.5464352029237526,0.9335347432024169,0.68936027812378,0.9745521574327152,0.8656000520299822,0.24303285069282266,0.3144008056394763,0.2741482262030207,0.7337452335794118,0.2,42,140,18,6,2,0.6,42,0.5,075aa110440308737923624b7acf0ce1,d3221d7352c4ec42100eb304ae60185e,793a017f41fbac1dc28176b26dbab30e,a6d63fdce8d0dc089c03a1bfea35cedf,e5d6464bf70557b0ef4f6ea0085d765b,dbe6e469fd6c65f8337ce661e3c79424,34f66591d19f38e1831457cba034ecc7,068ee13b3dbc96c5506e865624f50a78,de27f15c7a65e786677b8b7e7b57eb8f
regularized_1,3f50143,branch_commit,2025-10-13T13:35:40,,Success,Dvc-task,0.7259601313778413,0.18446614825234214,0.6999496475327291,0.29198260833035766,0.789622686867574,0.7179324585792562,0.16671152500403724,0.6237663645518631,0.2631042392320109,0.7416593824891258,0.2,42,300,10,15,8,log2,42,0.5,075aa110440308737923624b7acf0ce1,d3221d7352c4ec42100eb304ae60185e,793a017f41fbac1dc28176b26dbab30e,a6d63fdce8d0dc089c03a1bfea35cedf,81bb55586b2a4c02b9babeb038dd3009,dbe6e469fd6c65f8337ce661e3c79424,34f66591d19f38e1831457cba034ecc7,068ee13b3dbc96c5506e865624f50a78,de27f15c7a65e786677b8b7e7b57eb8f
feature_limited,9374238,branch_commit,2025-10-13T13:34:17,,Success,Dvc-task,0.8566916523039901,0.3354215218832182,0.7899295065458207,0.4708919271810419,0.9183251620230483,0.8174723184234916,0.20745724698626297,0.4471299093655589,0.28341631558789737,0.7405849827778495,0.2,42,200,15,6,2,sqrt,42,0.5,075aa110440308737923624b7acf0ce1,d3221d7352c4ec42100eb304ae60185e,793a017f41fbac1dc28176b26dbab30e,a6d63fdce8d0dc089c03a1bfea35cedf,5e5d68ca70ee0847a0575fb31364d939,dbe6e469fd6c65f8337ce661e3c79424,34f66591d19f38e1831457cba034ecc7,068ee13b3dbc96c5506e865624f50a78,de27f15c7a65e786677b8b7e7b57eb8f
pruned_forest,f2ac62d,branch_commit,2025-10-13T13:32:46,,Success,Dvc-task,0.9638385743553055,0.717833584995629,0.9096173212487412,0.8024252654022119,0.9892621172642052,0.8924605303806319,0.29372029021766327,0.2364551863041289,0.2619950903816113,0.7471234757063638,0.2,42,180,25,12,6,log2,42,0.5,075aa110440308737923624b7acf0ce1,d3221d7352c4ec42100eb304ae60185e,793a017f41fbac1dc28176b26dbab30e,a6d63fdce8d0dc089c03a1bfea35cedf,802fa8da01e7de837ee8395336c95da9,dbe6e469fd6c65f8337ce661e3c79424,34f66591d19f38e1831457cba034ecc7,068ee13b3dbc96c5506e865624f50a78,de27f15c7a65e786677b8b7e7b57eb8f
aggressive_controlled,d8b0857,branch_commit,2025-10-13T13:30:39,,Success,Dvc-task,0.9413108516796201,0.5897563236657396,0.8969284994964754,0.7116091403004154,0.977944709131029,0.8772417605645253,0.2580947033501778,0.2777442094662638,0.2675591773379899,0.7407805930914684,0.2,42,250,20,10,2,log2,42,0.5,075aa110440308737923624b7acf0ce1,d3221d7352c4ec42100eb304ae60185e,793a017f41fbac1dc28176b26dbab30e,a6d63fdce8d0dc089c03a1bfea35cedf,af9b7190f5cefcfc026124faf75b720c,dbe6e469fd6c65f8337ce661e3c79424,34f66591d19f38e1831457cba034ecc7,068ee13b3dbc96c5506e865624f50a78,de27f15c7a65e786677b8b7e7b57eb8f
conservative_stable,c2a7beb,branch_commit,2025-10-13T13:27:56,,Success,Dvc-task,0.6960545998504114,0.16602401138533773,0.6872608257804632,0.2674412908661618,0.7600034520522979,0.6944539290766304,0.15921526100458422,0.6505538771399798,0.25582132108347855,0.7374048706362486,0.2,42,100,8,6,4,log2,42,0.5,075aa110440308737923624b7acf0ce1,d3221d7352c4ec42100eb304ae60185e,793a017f41fbac1dc28176b26dbab30e,a6d63fdce8d0dc089c03a1bfea35cedf,107a8e4c2e698412fd027a06db973e4f,dbe6e469fd6c65f8337ce661e3c79424,34f66591d19f38e1831457cba034ecc7,068ee13b3dbc96c5506e865624f50a78,de27f15c7a65e786677b8b7e7b57eb8f
balanced_mid,f63f239,branch_commit,2025-10-13T13:26:32,,Success,Dvc-task,0.7682961529706351,0.21783787890298564,0.7219033232628399,0.33468339655675516,0.8327277620207931,0.7507438661528706,0.17776534228688678,0.5758308157099697,0.27166476624857466,0.7410283424061821,0.2,42,150,12,8,2,log2,42,0.5,075aa110440308737923624b7acf0ce1,d3221d7352c4ec42100eb304ae60185e,793a017f41fbac1dc28176b26dbab30e,a6d63fdce8d0dc089c03a1bfea35cedf,03e9b518aaaebe52eba91c145d50133e,dbe6e469fd6c65f8337ce661e3c79424,34f66591d19f38e1831457cba034ecc7,068ee13b3dbc96c5506e865624f50a78,de27f15c7a65e786677b8b7e7b57eb8f
sparse_features,a2f8f3f,branch_commit,2025-10-13T13:25:22,,Success,Dvc-task,0.9916913271113135,0.9072414738959496,0.9992447129909365,0.9510231465951023,0.9989891297112581,0.9099230931824464,0.3429819770617149,0.12648539778449144,0.1848145968216598,0.7383832428185881,0.2,42,220,25,6,2,0.3,42,0.5,075aa110440308737923624b7acf0ce1,d3221d7352c4ec42100eb304ae60185e,793a017f41fbac1dc28176b26dbab30e,a6d63fdce8d0dc089c03a1bfea35cedf,262ec163fc6b201dd8d0c15369d92491,dbe6e469fd6c65f8337ce661e3c79424,34f66591d19f38e1831457cba034ecc7,068ee13b3dbc96c5506e865624f50a78,de27f15c7a65e786677b8b7e7b57eb8f
controlled_growth,9c75e1e,branch_commit,2025-10-13T13:23:31,,Success,Dvc-task,0.7274804071412312,0.18604774959410184,0.7039274924471299,0.2943095934822425,0.7922191230596417,0.7188104645301855,0.16690981790673798,0.6221550855991944,0.2632072256305385,0.7420366848957239,0.2,42,300,10,6,2,log2,42,0.5,075aa110440308737923624b7acf0ce1,d3221d7352c4ec42100eb304ae60185e,793a017f41fbac1dc28176b26dbab30e,a6d63fdce8d0dc089c03a1bfea35cedf,b4137a85eda73e28bbebc138fca69fb8,dbe6e469fd6c65f8337ce661e3c79424,34f66591d19f38e1831457cba034ecc7,068ee13b3dbc96c5506e865624f50a78,de27f15c7a65e786677b8b7e7b57eb8f
feature_est_balance,3e430af,branch_commit,2025-10-13T13:22:13,,Success,Dvc-task,0.9889068648174043,0.891315272511307,0.9823766364551864,0.9346331648662244,0.9981942004987028,0.9092076809261337,0.33404825737265414,0.12547834843907352,0.18243045387994142,0.7418195150552792,0.2,42,200,25,6,2,log2,42,0.5,075aa110440308737923624b7acf0ce1,d3221d7352c4ec42100eb304ae60185e,793a017f41fbac1dc28176b26dbab30e,a6d63fdce8d0dc089c03a1bfea35cedf,fbb5542b2381b3883240286b2bb764d4,dbe6e469fd6c65f8337ce661e3c79424,34f66591d19f38e1831457cba034ecc7,068ee13b3dbc96c5506e865624f50a78,de27f15c7a65e786677b8b7e7b57eb8f
narrow_deep,d5ef8e2,branch_commit,2025-10-13T13:20:22,,Success,Dvc-task,0.9776551982049364,0.7946981821166236,0.9751258811681772,0.875715028601144,0.9950437611452158,0.8997772466383753,0.29808016167059614,0.1782477341389728,0.22309049659692462,0.7405601779223819,0.2,42,300,22,6,2,sqrt,42,0.5,075aa110440308737923624b7acf0ce1,d3221d7352c4ec42100eb304ae60185e,793a017f41fbac1dc28176b26dbab30e,a6d63fdce8d0dc089c03a1bfea35cedf,71f542aeac40a8718208f5c74f7916f0,dbe6e469fd6c65f8337ce661e3c79424,34f66591d19f38e1831457cba034ecc7,068ee13b3dbc96c5506e865624f50a78,de27f15c7a65e786677b8b7e7b57eb8f
wide_shallow,5b59afa,branch_commit,2025-10-13T13:18:25,,Success,Dvc-task,0.6834615134467171,0.15683305135880174,0.667472306143001,0.25398771830662076,0.7394687529039481,0.6838528201876332,0.15583551224150227,0.660221550855992,0.2521538461538462,0.7318910768673723,0.2,42,300,6,6,2,0.8,42,0.5,075aa110440308737923624b7acf0ce1,d3221d7352c4ec42100eb304ae60185e,793a017f41fbac1dc28176b26dbab30e,a6d63fdce8d0dc089c03a1bfea35cedf,a0913493903db7f03121f36b3ff0b236,dbe6e469fd6c65f8337ce661e3c79424,34f66591d19f38e1831457cba034ecc7,068ee13b3dbc96c5506e865624f50a78,de27f15c7a65e786677b8b7e7b57eb8f
moderate_trees_strict,608c010,branch_commit,2025-10-13T13:16:33,,Success,Dvc-task,0.9793340053981985,0.8200207918218834,0.9532225579053374,0.8816187770688771,0.9953250959931578,0.9019397427767751,0.3034660766961652,0.16576032225579054,0.214406669271851,0.7425484172931202,0.2,42,120,25,12,2,log2,42,0.5,075aa110440308737923624b7acf0ce1,d3221d7352c4ec42100eb304ae60185e,793a017f41fbac1dc28176b26dbab30e,a6d63fdce8d0dc089c03a1bfea35cedf,2af4a03d55691350e1c5324f3eaca5d2,dbe6e469fd6c65f8337ce661e3c79424,34f66591d19f38e1831457cba034ecc7,068ee13b3dbc96c5506e865624f50a78,de27f15c7a65e786677b8b7e7b57eb8f
depth_leaf_control,010f66f,branch_commit,2025-10-13T13:15:04,,Success,Dvc-task,0.8935237878442978,0.4181569154434567,0.8147532729103726,0.5526675319352414,0.9456138282550611,0.8449506528136839,0.2291098731776698,0.38932527693857,0.2884644082972691,0.7442490086874705,0.2,42,300,18,6,6,log2,42,0.5,075aa110440308737923624b7acf0ce1,d3221d7352c4ec42100eb304ae60185e,793a017f41fbac1dc28176b26dbab30e,a6d63fdce8d0dc089c03a1bfea35cedf,53f4a1f4298fc6478d26521aee956d28,dbe6e469fd6c65f8337ce661e3c79424,34f66591d19f38e1831457cba034ecc7,068ee13b3dbc96c5506e865624f50a78,de27f15c7a65e786677b8b7e7b57eb8f
estimators_leaf,8e23b1d,branch_commit,2025-10-13T13:13:29,,Success,Dvc-task,0.979248642320575,0.8190546209401894,0.9536253776435045,0.881232115022218,0.9954282997591736,0.9026714144025495,0.3140255009107468,0.17361530715005036,0.22360570687418937,0.7452456879432335,0.2,42,180,25,6,4,log2,42,0.5,075aa110440308737923624b7acf0ce1,d3221d7352c4ec42100eb304ae60185e,793a017f41fbac1dc28176b26dbab30e,a6d63fdce8d0dc089c03a1bfea35cedf,23d8dc18e753e7b9f9f1fc5dc139872b,dbe6e469fd6c65f8337ce661e3c79424,34f66591d19f38e1831457cba034ecc7,068ee13b3dbc96c5506e865624f50a78,de27f15c7a65e786677b8b7e7b57eb8f
depth_split_balance,30d1554,branch_commit,2025-10-13T13:11:53,,Success,Dvc-task,0.7699708952554388,0.21923588496995827,0.7220543806646526,0.33634732434999826,0.8336440538872306,0.7527437685966538,0.1788939051918736,0.5746223564954682,0.27284464208865294,0.7419863413344043,0.2,42,300,12,8,2,log2,42,0.5,075aa110440308737923624b7acf0ce1,d3221d7352c4ec42100eb304ae60185e,793a017f41fbac1dc28176b26dbab30e,a6d63fdce8d0dc089c03a1bfea35cedf,95b481e212fb193163680282fae829f3,dbe6e469fd6c65f8337ce661e3c79424,34f66591d19f38e1831457cba034ecc7,068ee13b3dbc96c5506e865624f50a78,de27f15c7a65e786677b8b7e7b57eb8f
split_control_2,1218f1d,branch_commit,2025-10-13T13:10:38,,Success,Dvc-task,0.931172969984716,0.5475726262429323,0.8484894259818732,0.6656001895959237,0.9713971973384058,0.87197372485895,0.26183068609792043,0.3220543806646526,0.28883670520231214,0.7497633100955692,0.2,42,300,25,20,10,log2,42,0.5,075aa110440308737923624b7acf0ce1,d3221d7352c4ec42100eb304ae60185e,793a017f41fbac1dc28176b26dbab30e,a6d63fdce8d0dc089c03a1bfea35cedf,ebe00b40212b1ca21f24f566fdafae69,dbe6e469fd6c65f8337ce661e3c79424,34f66591d19f38e1831457cba034ecc7,068ee13b3dbc96c5506e865624f50a78,de27f15c7a65e786677b8b7e7b57eb8f
split_control_1,b6ac4c9,branch_commit,2025-10-13T13:08:43,,Success,Dvc-task,0.9720090403564112,0.7683905668183699,0.9351460221550856,0.8436066318419261,0.9928560296253515,0.897500934913744,0.30395314787701316,0.20906344410876132,0.24773269689737465,0.7475741489018767,0.2,42,300,25,10,5,log2,42,0.5,075aa110440308737923624b7acf0ce1,d3221d7352c4ec42100eb304ae60185e,793a017f41fbac1dc28176b26dbab30e,a6d63fdce8d0dc089c03a1bfea35cedf,5ddd04852389f130bb10b015963f9cce,dbe6e469fd6c65f8337ce661e3c79424,34f66591d19f38e1831457cba034ecc7,068ee13b3dbc96c5506e865624f50a78,de27f15c7a65e786677b8b7e7b57eb8f
few_deep,24ff847,branch_commit,2025-10-13T13:05:28,,Success,Dvc-task,0.9438798738252414,0.601816347124117,0.9009063444108761,0.7215970961887477,0.9794003162042675,0.8777620603872982,0.2555066079295154,0.2686807653575025,0.2619281366581583,0.7339981625953823,0.2,42,80,20,6,2,log2,42,0.5,075aa110440308737923624b7acf0ce1,d3221d7352c4ec42100eb304ae60185e,793a017f41fbac1dc28176b26dbab30e,a6d63fdce8d0dc089c03a1bfea35cedf,bc684c4f4cca8732358be44e7c987bdc,dbe6e469fd6c65f8337ce661e3c79424,34f66591d19f38e1831457cba034ecc7,068ee13b3dbc96c5506e865624f50a78,de27f15c7a65e786677b8b7e7b57eb8f
many_shallow,e1d162f,branch_commit,2025-10-13T13:02:53,,Success,Dvc-task,0.6978594192058795,0.16760035638875667,0.6914400805639477,0.269802442211154,0.7617981102341502,0.6957871973724858,0.16036570298986905,0.6535750251762337,0.25753968253968257,0.7396077933058383,0.2,42,250,8,6,2,log2,42,0.5,075aa110440308737923624b7acf0ce1,d3221d7352c4ec42100eb304ae60185e,793a017f41fbac1dc28176b26dbab30e,a6d63fdce8d0dc089c03a1bfea35cedf,4558bd18ad6077ef48f500d7dbcec12a,dbe6e469fd6c65f8337ce661e3c79424,34f66591d19f38e1831457cba034ecc7,068ee13b3dbc96c5506e865624f50a78,de27f15c7a65e786677b8b7e7b57eb8f
high_complexity,4621fd8,branch_commit,2025-10-13T13:00:02,,Success,Dvc-task,0.9894800169100192,0.8951679326439096,0.9850453172205438,0.9379584791676655,0.9984013084961907,0.9094190527291351,0.33674568965517243,0.12588116817724068,0.18325758686409618,0.7429106116439899,0.2,42,300,25,6,2,log2,42,0.5,075aa110440308737923624b7acf0ce1,d3221d7352c4ec42100eb304ae60185e,793a017f41fbac1dc28176b26dbab30e,a6d63fdce8d0dc089c03a1bfea35cedf,353b72428924be05973d06e0274cf6fe,dbe6e469fd6c65f8337ce661e3c79424,34f66591d19f38e1831457cba034ecc7,068ee13b3dbc96c5506e865624f50a78,de27f15c7a65e786677b8b7e7b57eb8f
low_complexity,cdfa7c3,branch_commit,2025-10-13T12:58:58,,Success,Dvc-task,0.6691936847582193,0.15195573709281407,0.676233635448137,0.2481499616596299,0.7320997672415186,0.6704225810123083,0.15004344445968812,0.6608257804632427,0.2445587358378056,0.7276090990607891,0.2,42,50,5,6,2,log2,42,0.5,075aa110440308737923624b7acf0ce1,d3221d7352c4ec42100eb304ae60185e,793a017f41fbac1dc28176b26dbab30e,a6d63fdce8d0dc089c03a1bfea35cedf,5ef1eb2264ead0744dba707a12114c7e,dbe6e469fd6c65f8337ce661e3c79424,34f66591d19f38e1831457cba034ecc7,068ee13b3dbc96c5506e865624f50a78,de27f15c7a65e786677b8b7e7b57eb8f
min_leaf_8,2a76733,branch_commit,2025-10-13T12:57:44,,Success,Dvc-task,0.9473025267470977,0.6232925695487378,0.8776938569989929,0.7289340526073684,0.9811010474456736,0.8828024649204104,0.27725918570009933,0.28116817724068477,0.2792,0.7497285448242048,0.2,42,300,25,6,8,log2,42,0.5,075aa110440308737923624b7acf0ce1,d3221d7352c4ec42100eb304ae60185e,793a017f41fbac1dc28176b26dbab30e,a6d63fdce8d0dc089c03a1bfea35cedf,26be1ff9218cb233c7194c5d946f770f,dbe6e469fd6c65f8337ce661e3c79424,34f66591d19f38e1831457cba034ecc7,068ee13b3dbc96c5506e865624f50a78,de27f15c7a65e786677b8b7e7b57eb8f
min_leaf_2,f0a3858,branch_commit,2025-10-13T12:54:14,,Success,Dvc-task,0.9894800169100192,0.8951679326439096,0.9850453172205438,0.9379584791676655,0.9984013084961907,0.9094190527291351,0.33674568965517243,0.12588116817724068,0.18325758686409618,0.7429106116439899,0.2,42,300,25,6,2,log2,42,0.5,075aa110440308737923624b7acf0ce1,d3221d7352c4ec42100eb304ae60185e,793a017f41fbac1dc28176b26dbab30e,a6d63fdce8d0dc089c03a1bfea35cedf,353b72428924be05973d06e0274cf6fe,dbe6e469fd6c65f8337ce661e3c79424,34f66591d19f38e1831457cba034ecc7,068ee13b3dbc96c5506e865624f50a78,de27f15c7a65e786677b8b7e7b57eb8f
min_split_15,4879038,branch_commit,2025-10-13T12:53:01,,Success,Dvc-task,0.976187766251504,0.794481366198368,0.9510574018126888,0.8657468946234588,0.994257557247443,0.9001837308749167,0.3030201342281879,0.18187311178247734,0.22731277533039645,0.7464986056664575,0.2,42,300,25,15,2,log2,42,0.5,075aa110440308737923624b7acf0ce1,d3221d7352c4ec42100eb304ae60185e,793a017f41fbac1dc28176b26dbab30e,a6d63fdce8d0dc089c03a1bfea35cedf,63f242aa7f8452736b2b2900b9ef89ac,dbe6e469fd6c65f8337ce661e3c79424,34f66591d19f38e1831457cba034ecc7,068ee13b3dbc96c5506e865624f50a78,de27f15c7a65e786677b8b7e7b57eb8f
min_split_5,a45d0ff,branch_commit,2025-10-13T12:51:07,,Success,Dvc-task,0.9898865077558453,0.8978928080622995,0.9869587109768378,0.9403214200047973,0.9985736808881728,0.9093052371429036,0.32886655499720824,0.11863041289023162,0.1743635287152161,0.741673200963111,0.2,42,300,25,5,2,log2,42,0.5,075aa110440308737923624b7acf0ce1,d3221d7352c4ec42100eb304ae60185e,793a017f41fbac1dc28176b26dbab30e,a6d63fdce8d0dc089c03a1bfea35cedf,9e16e44a677a5289b0448f4cae4000a0,dbe6e469fd6c65f8337ce661e3c79424,34f66591d19f38e1831457cba034ecc7,068ee13b3dbc96c5506e865624f50a78,de27f15c7a65e786677b8b7e7b57eb8f
depth_25,897782b,branch_commit,2025-10-13T12:47:52,,Success,Dvc-task,0.9894800169100192,0.8951679326439096,0.9850453172205438,0.9379584791676655,0.9984013084961907,0.9094190527291351,0.33674568965517243,0.12588116817724068,0.18325758686409618,0.7429106116439899,0.2,42,300,25,6,2,log2,42,0.5,075aa110440308737923624b7acf0ce1,d3221d7352c4ec42100eb304ae60185e,793a017f41fbac1dc28176b26dbab30e,a6d63fdce8d0dc089c03a1bfea35cedf,353b72428924be05973d06e0274cf6fe,dbe6e469fd6c65f8337ce661e3c79424,34f66591d19f38e1831457cba034ecc7,068ee13b3dbc96c5506e865624f50a78,de27f15c7a65e786677b8b7e7b57eb8f
depth_15,4742d09,branch_commit,2025-10-13T12:45:21,,Success,Dvc-task,0.8464643426230042,0.3169919280678451,0.781067472306143,0.4509630060324152,0.9076873656925396,0.8095377461262052,0.20224124238948205,0.461631419939577,0.2812615044790772,0.7396325304760762,0.2,42,300,15,6,2,log2,42,0.5,075aa110440308737923624b7acf0ce1,d3221d7352c4ec42100eb304ae60185e,793a017f41fbac1dc28176b26dbab30e,a6d63fdce8d0dc089c03a1bfea35cedf,7f103d2875e7a5dcfe32ea5569cb494c,dbe6e469fd6c65f8337ce661e3c79424,34f66591d19f38e1831457cba034ecc7,068ee13b3dbc96c5506e865624f50a78,de27f15c7a65e786677b8b7e7b57eb8f
depth_5,fee7476,branch_commit,2025-10-13T12:42:37,,Success,Dvc-task,0.6728886865467789,0.1533128946645923,0.6748237663645519,0.24986017375741082,0.7346610417821009,0.6744061265304131,0.15219399538106235,0.6636455186304129,0.2476047341724591,0.7307124650579455,0.2,42,300,5,6,2,log2,42,0.5,075aa110440308737923624b7acf0ce1,d3221d7352c4ec42100eb304ae60185e,793a017f41fbac1dc28176b26dbab30e,a6d63fdce8d0dc089c03a1bfea35cedf,bc34697e0dc621cf26cf15868dfa7df0,dbe6e469fd6c65f8337ce661e3c79424,34f66591d19f38e1831457cba034ecc7,068ee13b3dbc96c5506e865624f50a78,de27f15c7a65e786677b8b7e7b57eb8f
n_est_300,750ee18,branch_commit,2025-10-13T12:39:47,,Success,Dvc-task,0.9894800169100192,0.8951679326439096,0.9850453172205438,0.9379584791676655,0.9984013084961907,0.9094190527291351,0.33674568965517243,0.12588116817724068,0.18325758686409618,0.7429106116439899,0.2,42,300,25,6,2,log2,42,0.5,075aa110440308737923624b7acf0ce1,d3221d7352c4ec42100eb304ae60185e,793a017f41fbac1dc28176b26dbab30e,a6d63fdce8d0dc089c03a1bfea35cedf,353b72428924be05973d06e0274cf6fe,dbe6e469fd6c65f8337ce661e3c79424,34f66591d19f38e1831457cba034ecc7,068ee13b3dbc96c5506e865624f50a78,de27f15c7a65e786677b8b7e7b57eb8f
n_est_150,aa00e81,branch_commit,2025-10-13T12:38:31,,Success,Dvc-task,0.9880125849565867,0.8849533348508991,0.9787512588116818,0.9294919306634788,0.9979788741666755,0.908394712453051,0.3271317829457364,0.12749244712990937,0.1834782608695652,0.7409965339106385,0.2,42,150,25,6,2,log2,42,0.5,075aa110440308737923624b7acf0ce1,d3221d7352c4ec42100eb304ae60185e,793a017f41fbac1dc28176b26dbab30e,a6d63fdce8d0dc089c03a1bfea35cedf,0a682e56ef6afc934f805029a354984d,dbe6e469fd6c65f8337ce661e3c79424,34f66591d19f38e1831457cba034ecc7,068ee13b3dbc96c5506e865624f50a78,de27f15c7a65e786677b8b7e7b57eb8f
n_est_50,2d1379c,branch_commit,2025-10-13T12:35:33,,Success,Dvc-task,0.9846590354785211,0.868370431437208,0.9546827794561934,0.9094833789034393,0.9969972003290771,0.9066061818122694,0.315839243498818,0.13454179254783485,0.18870056497175142,0.7302961438976582,0.2,42,50,25,6,2,log2,42,0.5,075aa110440308737923624b7acf0ce1,d3221d7352c4ec42100eb304ae60185e,793a017f41fbac1dc28176b26dbab30e,a6d63fdce8d0dc089c03a1bfea35cedf,bc502632ac47034cf66d378db6ddb5fe,dbe6e469fd6c65f8337ce661e3c79424,34f66591d19f38e1831457cba034ecc7,068ee13b3dbc96c5506e865624f50a78,de27f15c7a65e786677b8b7e7b57eb8f
baseline,9fca0bc,branch_base,2025-10-13T12:33:47,,Success,Dvc-task,0.9894800169100192,0.8951679326439096,0.9850453172205438,0.9379584791676655,0.9984013084961907,0.9094190527291351,0.33674568965517243,0.12588116817724068,0.18325758686409618,0.7429106116439899,0.2,42,300,25,6,2,log2,42,0.5,075aa110440308737923624b7acf0ce1,d3221d7352c4ec42100eb304ae60185e,793a017f41fbac1dc28176b26dbab30e,a6d63fdce8d0dc089c03a1bfea35cedf,353b72428924be05973d06e0274cf6fe,dbe6e469fd6c65f8337ce661e3c79424,34f66591d19f38e1831457cba034ecc7,068ee13b3dbc96c5506e865624f50a78,de27f15c7a65e786677b8b7e7b57eb8f
,1add1e2,baseline,2025-10-13T12:10:00,,,,0.9894800169100192,0.8951679326439096,0.9850453172205438,0.9379584791676655,0.9984013084961907,0.9094190527291351,0.33674568965517243,0.12588116817724068,0.18325758686409618,0.7429106116439899,0.2,42,300,25,6,2,log2,42,0.5,075aa110440308737923624b7acf0ce1,d3221d7352c4ec42100eb304ae60185e,793a017f41fbac1dc28176b26dbab30e,a6d63fdce8d0dc089c03a1bfea35cedf,353b72428924be05973d06e0274cf6fe,dbe6e469fd6c65f8337ce661e3c79424,34f66591d19f38e1831457cba034ecc7,068ee13b3dbc96c5506e865624f50a78,de27f15c7a65e786677b8b7e7b57eb8f
,2052816,baseline,2025-10-13T10:43:35,,,,0.9894800169100192,0.8951679326439096,0.9850453172205438,0.9379584791676655,0.9984013084961907,0.9094190527291351,0.33674568965517243,0.12588116817724068,0.18325758686409618,0.7429106116439899,0.2,42,300,25,6,2,log2,42,0.5,075aa110440308737923624b7acf0ce1,d3221d7352c4ec42100eb304ae60185e,793a017f41fbac1dc28176b26dbab30e,a6d63fdce8d0dc089c03a1bfea35cedf,353b72428924be05973d06e0274cf6fe,dbe6e469fd6c65f8337ce661e3c79424,34f66591d19f38e1831457cba034ecc7,068ee13b3dbc96c5506e865624f50a78,de27f15c7a65e786677b8b7e7b57eb8f
,675b045,baseline,2025-10-13T09:34:46,,,,0.7299030925823551,0.18764415598347906,0.7045820745216516,0.2963614029142664,0.7968266579197991,0.7205014389541974,0.1667302764298566,0.6159113796576032,0.2624216939843817,0.7413498223102415,0.2,42,100,10,5,1,sqrt,42,0.5,075aa110440308737923624b7acf0ce1,d3221d7352c4ec42100eb304ae60185e,793a017f41fbac1dc28176b26dbab30e,a6d63fdce8d0dc089c03a1bfea35cedf,9d31cbf85fa0c91c503aa7f19e48de2b,dbe6e469fd6c65f8337ce661e3c79424,34f66591d19f38e1831457cba034ecc7,068ee13b3dbc96c5506e865624f50a78,de27f15c7a65e786677b8b7e7b57eb8f
deep_forest,4451793,branch_commit,2025-10-13T10:10:35,,,,0.9894800169100192,0.8951679326439096,0.9850453172205438,0.9379584791676655,0.9984013084961907,0.9094190527291351,0.33674568965517243,0.12588116817724068,0.18325758686409618,0.7429106116439899,0.2,42,300,25,6,2,log2,42,0.5,075aa110440308737923624b7acf0ce1,d3221d7352c4ec42100eb304ae60185e,793a017f41fbac1dc28176b26dbab30e,a6d63fdce8d0dc089c03a1bfea35cedf,353b72428924be05973d06e0274cf6fe,dbe6e469fd6c65f8337ce661e3c79424,34f66591d19f38e1831457cba034ecc7,068ee13b3dbc96c5506e865624f50a78,de27f15c7a65e786677b8b7e7b57eb8f
optimal_3,db46f32,branch_commit,2025-10-13T10:07:47,,,,0.9134377743813209,0.47981999718745605,0.8590130916414904,0.615717765947848,0.9613855229438196,0.8572752548656163,0.23480317151203228,0.33997985901309163,0.2777686358400527,0.7365242608621524,0.2,42,180,18,6,2,log2,42,0.5,075aa110440308737923624b7acf0ce1,d3221d7352c4ec42100eb304ae60185e,793a017f41fbac1dc28176b26dbab30e,a6d63fdce8d0dc089c03a1bfea35cedf,07ea06542176368472d1004287ac6a8f,dbe6e469fd6c65f8337ce661e3c79424,34f66591d19f38e1831457cba034ecc7,068ee13b3dbc96c5506e865624f50a78,de27f15c7a65e786677b8b7e7b57eb8f
optimal_2,abb403f,branch_commit,2025-10-13T10:04:46,,,,0.7693611589866997,0.21868277724380977,0.7217522658610271,0.33566335312093853,0.8334980649519309,0.7522722468822659,0.17856919321524692,0.5746223564954682,0.27246681310285553,0.741653027202302,0.2,42,250,12,8,2,log2,42,0.5,075aa110440308737923624b7acf0ce1,d3221d7352c4ec42100eb304ae60185e,793a017f41fbac1dc28176b26dbab30e,a6d63fdce8d0dc089c03a1bfea35cedf,9da73b142e5628f1b2769ef98b9c3bc6,dbe6e469fd6c65f8337ce661e3c79424,34f66591d19f38e1831457cba034ecc7,068ee13b3dbc96c5506e865624f50a78,de27f15c7a65e786677b8b7e7b57eb8f
optimal_1,a1712d8,branch_commit,2025-10-13T10:02:56,,,,0.8452082859094013,0.3140664544044412,0.7748237663645519,0.44696177529917513,0.9068809213266233,0.8093263743232038,0.20362903225806453,0.4678751258811682,0.2837598485311183,0.738435274948268,0.2,42,200,15,5,2,log2,42,0.5,075aa110440308737923624b7acf0ce1,d3221d7352c4ec42100eb304ae60185e,793a017f41fbac1dc28176b26dbab30e,a6d63fdce8d0dc089c03a1bfea35cedf,6e91f3de9f06b493358b7ee2f9869aef,dbe6e469fd6c65f8337ce661e3c79424,34f66591d19f38e1831457cba034ecc7,068ee13b3dbc96c5506e865624f50a78,de27f15c7a65e786677b8b7e7b57eb8f
balanced_high,1430183,branch_commit,2025-10-13T10:00:24,,,,0.8386353289323925,0.30275430048722285,0.7665659617321249,0.43407227885095157,0.8986093600959052,0.8046111571793246,0.20143945808636748,0.4791540785498489,0.2836363636363637,0.7410603290207513,0.2,42,150,15,10,4,log2,42,0.5,075aa110440308737923624b7acf0ce1,d3221d7352c4ec42100eb304ae60185e,793a017f41fbac1dc28176b26dbab30e,a6d63fdce8d0dc089c03a1bfea35cedf,1fb9578e33ad25144a3f40a9d91020d6,dbe6e469fd6c65f8337ce661e3c79424,34f66591d19f38e1831457cba034ecc7,068ee13b3dbc96c5506e865624f50a78,de27f15c7a65e786677b8b7e7b57eb8f
conservative,91cff66,branch_commit,2025-10-13T09:58:23,,,,0.667901043868492,0.15150524666659151,0.6768378650553877,0.24758940165587612,0.7322216023644721,0.6684714566769101,0.14960701467448095,0.6632426988922457,0.24414294187425858,0.7277129887635038,0.2,42,50,5,20,4,log2,42,0.5,075aa110440308737923624b7acf0ce1,d3221d7352c4ec42100eb304ae60185e,793a017f41fbac1dc28176b26dbab30e,a6d63fdce8d0dc089c03a1bfea35cedf,95d9b1a3118e42545d736ad83153fd4b,dbe6e469fd6c65f8337ce661e3c79424,34f66591d19f38e1831457cba034ecc7,068ee13b3dbc96c5506e865624f50a78,de27f15c7a65e786677b8b7e7b57eb8f
aggressive,f75e21e,branch_commit,2025-10-13T09:57:44,,,,0.9187953237293096,0.4982637343068293,0.8453172205438066,0.6269676768808471,0.9635425076816524,0.8631936653496577,0.24762183521147374,0.34078549848942596,0.2868282759789795,0.7454526836249515,0.2,42,200,20,20,4,log2,42,0.5,075aa110440308737923624b7acf0ce1,d3221d7352c4ec42100eb304ae60185e,793a017f41fbac1dc28176b26dbab30e,a6d63fdce8d0dc089c03a1bfea35cedf,7fc4a92224c5cc94b9ddebb4ec65520e,dbe6e469fd6c65f8337ce661e3c79424,34f66591d19f38e1831457cba034ecc7,068ee13b3dbc96c5506e865624f50a78,de27f15c7a65e786677b8b7e7b57eb8f
max_feat_log2,d3f92fa,branch_commit,2025-10-13T09:56:38,,,,0.9194009950895906,0.5004761904761905,0.8467270896273917,0.629105873550318,0.964099432937366,0.8636814464335073,0.24812140857521733,0.3391742195367573,0.28658951667801225,0.7460180155994507,0.2,42,300,20,20,4,log2,42,0.5,075aa110440308737923624b7acf0ce1,d3221d7352c4ec42100eb304ae60185e,793a017f41fbac1dc28176b26dbab30e,a6d63fdce8d0dc089c03a1bfea35cedf,2988f05b6dcfaebbb7485f18c2c771d9,dbe6e469fd6c65f8337ce661e3c79424,34f66591d19f38e1831457cba034ecc7,068ee13b3dbc96c5506e865624f50a78,de27f15c7a65e786677b8b7e7b57eb8f
min_leaf_4,fd55c68,branch_commit,2025-10-13T09:55:12,,,,0.9324859354167344,0.5518285878264196,0.8714501510574019,0.6757511274232278,0.9728943193471624,0.8714209062972538,0.2551988021959741,0.3089627391742195,0.2795189504373178,0.7462878944218714,0.2,42,300,20,20,4,sqrt,42,0.5,075aa110440308737923624b7acf0ce1,d3221d7352c4ec42100eb304ae60185e,793a017f41fbac1dc28176b26dbab30e,a6d63fdce8d0dc089c03a1bfea35cedf,00ee2bb14e78b22f8257db4b05de5555,dbe6e469fd6c65f8337ce661e3c79424,34f66591d19f38e1831457cba034ecc7,068ee13b3dbc96c5506e865624f50a78,de27f15c7a65e786677b8b7e7b57eb8f
min_leaf_2,28aee6e,branch_commit,2025-10-13T09:52:42,,,,0.9351769048161035,0.5629403249155541,0.8811178247734139,0.6869761507508098,0.9744942637178255,0.8729330276571875,0.2557422008913267,0.30050352467270897,0.27632188165570887,0.7441868807714349,0.2,42,300,20,20,2,sqrt,42,0.5,075aa110440308737923624b7acf0ce1,d3221d7352c4ec42100eb304ae60185e,793a017f41fbac1dc28176b26dbab30e,a6d63fdce8d0dc089c03a1bfea35cedf,d0ff6f42af735798e8f47954f92af92a,dbe6e469fd6c65f8337ce661e3c79424,34f66591d19f38e1831457cba034ecc7,068ee13b3dbc96c5506e865624f50a78,de27f15c7a65e786677b8b7e7b57eb8f
min_split_20,764e2c5,branch_commit,2025-10-13T09:51:11,,,,0.9369329452700725,0.5703598147488422,0.8867573011077543,0.694207383172044,0.9755094951053896,0.8736321805440385,0.2543322247505689,0.2926485397784491,0.2721483423862146,0.7443880234619806,0.2,42,300,20,20,1,sqrt,42,0.5,075aa110440308737923624b7acf0ce1,d3221d7352c4ec42100eb304ae60185e,793a017f41fbac1dc28176b26dbab30e,a6d63fdce8d0dc089c03a1bfea35cedf,024de6ef5b19d58d7ff911dc766b90d9,dbe6e469fd6c65f8337ce661e3c79424,34f66591d19f38e1831457cba034ecc7,068ee13b3dbc96c5506e865624f50a78,de27f15c7a65e786677b8b7e7b57eb8f
min_split_10,d4e909f,branch_commit,2025-10-13T09:49:35,,,,0.9531519300185359,0.6460589492867908,0.928197381671702,0.761845721488645,0.9845147520429767,0.8832577272653367,0.26390961415476444,0.24934541792547835,0.25642087821043913,0.7404863867725677,0.2,42,300,20,10,1,sqrt,42,0.5,075aa110440308737923624b7acf0ce1,d3221d7352c4ec42100eb304ae60185e,793a017f41fbac1dc28176b26dbab30e,a6d63fdce8d0dc089c03a1bfea35cedf,52ac081f6359ccfdc81c14880d046565,dbe6e469fd6c65f8337ce661e3c79424,34f66591d19f38e1831457cba034ecc7,068ee13b3dbc96c5506e865624f50a78,de27f15c7a65e786677b8b7e7b57eb8f
min_split_2,20d1047,branch_commit,2025-10-13T09:48:18,,,,0.9639036128906378,0.701512259580091,0.9623363544813696,0.8114809782608696,0.9900704361433691,0.8899078093751525,0.2726586102719033,0.21812688821752266,0.2423632091305807,0.7346984874167993,0.2,42,300,20,2,1,sqrt,42,0.5,075aa110440308737923624b7acf0ce1,d3221d7352c4ec42100eb304ae60185e,793a017f41fbac1dc28176b26dbab30e,a6d63fdce8d0dc089c03a1bfea35cedf,c4305b1cb6041a33fca9a883ce4b329f,dbe6e469fd6c65f8337ce661e3c79424,34f66591d19f38e1831457cba034ecc7,068ee13b3dbc96c5506e865624f50a78,de27f15c7a65e786677b8b7e7b57eb8f
depth_20,8b00426,branch_commit,2025-10-13T09:46:29,,,,0.9595907450164223,0.6781621582785501,0.9505538771399799,0.791580183240036,0.9879337551070524,0.8876477570199828,0.27069087479368076,0.2312185297079557,0.2494025635455138,0.7370694048263202,0.2,42,300,20,5,1,sqrt,42,0.5,075aa110440308737923624b7acf0ce1,d3221d7352c4ec42100eb304ae60185e,793a017f41fbac1dc28176b26dbab30e,a6d63fdce8d0dc089c03a1bfea35cedf,667d3a0a1c1373991c09d51cf1ff57f7,dbe6e469fd6c65f8337ce661e3c79424,34f66591d19f38e1831457cba034ecc7,068ee13b3dbc96c5506e865624f50a78,de27f15c7a65e786677b8b7e7b57eb8f
depth_15,1e66fb2,branch_commit,2025-10-13T09:44:53,,,,0.8600411368735976,0.34211723913750136,0.7949144008056395,0.47835770017422924,0.9214295563487811,0.8203339674487423,0.20893523390414234,0.4398791540785498,0.2833052276559865,0.7401335935438549,0.2,42,300,15,5,1,sqrt,42,0.5,075aa110440308737923624b7acf0ce1,d3221d7352c4ec42100eb304ae60185e,793a017f41fbac1dc28176b26dbab30e,a6d63fdce8d0dc089c03a1bfea35cedf,56ff2735994500bb9624063713c36f76,dbe6e469fd6c65f8337ce661e3c79424,34f66591d19f38e1831457cba034ecc7,068ee13b3dbc96c5506e865624f50a78,de27f15c7a65e786677b8b7e7b57eb8f
depth_5,eeb6186,branch_commit,2025-10-13T09:43:47,,,,0.673262658124939,0.15503875968992248,0.6847935548841894,0.25283509946086635,0.7378391603197727,0.6747638326585695,0.15353423647590084,0.6710976837865056,0.2498968762890464,0.7344783608005339,0.2,42,300,5,5,1,sqrt,42,0.5,075aa110440308737923624b7acf0ce1,d3221d7352c4ec42100eb304ae60185e,793a017f41fbac1dc28176b26dbab30e,a6d63fdce8d0dc089c03a1bfea35cedf,6780d47358e5df6085c7af59b66c1618,dbe6e469fd6c65f8337ce661e3c79424,34f66591d19f38e1831457cba034ecc7,068ee13b3dbc96c5506e865624f50a78,de27f15c7a65e786677b8b7e7b57eb8f
n_est_300,f783612,branch_commit,2025-10-13T09:43:00,,,,0.7334192383987512,0.189526150670234,0.7026686807653575,0.2985314094404809,0.7982707529568147,0.7237370534770662,0.16881471689799515,0.6173212487411883,0.26512694087625965,0.7435179583341838,0.2,42,300,10,5,1,sqrt,42,0.5,075aa110440308737923624b7acf0ce1,d3221d7352c4ec42100eb304ae60185e,793a017f41fbac1dc28176b26dbab30e,a6d63fdce8d0dc089c03a1bfea35cedf,e2e182662e680da2210bb06566b61659,dbe6e469fd6c65f8337ce661e3c79424,34f66591d19f38e1831457cba034ecc7,068ee13b3dbc96c5506e865624f50a78,de27f15c7a65e786677b8b7e7b57eb8f
n_est_200,b6d342d,branch_commit,2025-10-13T09:42:12,,,,0.7330859159051738,0.18940801518953007,0.7032225579053374,0.29843474544580373,0.7976481618477227,0.7237207941076045,0.16876893417791242,0.6171198388721048,0.26505190311418686,0.7431711071561563,0.2,42,200,10,5,1,sqrt,42,0.5,075aa110440308737923624b7acf0ce1,d3221d7352c4ec42100eb304ae60185e,793a017f41fbac1dc28176b26dbab30e,a6d63fdce8d0dc089c03a1bfea35cedf,0548011dded54d8a0e75c9f29351663b,dbe6e469fd6c65f8337ce661e3c79424,34f66591d19f38e1831457cba034ecc7,068ee13b3dbc96c5506e865624f50a78,de27f15c7a65e786677b8b7e7b57eb8f
n_est_150,dac236e,branch_commit,2025-10-13T09:40:11,,,,0.7324924392702676,0.18897477899467963,0.7028700906344411,0.29786507623203556,0.7972323567802857,0.7232817911321399,0.16826287978863935,0.6157099697885197,0.2642977564518221,0.7426806599822873,0.2,42,150,10,5,1,sqrt,42,0.5,075aa110440308737923624b7acf0ce1,d3221d7352c4ec42100eb304ae60185e,793a017f41fbac1dc28176b26dbab30e,a6d63fdce8d0dc089c03a1bfea35cedf,31878368760e7602703c13021ac9f2c5,dbe6e469fd6c65f8337ce661e3c79424,34f66591d19f38e1831457cba034ecc7,068ee13b3dbc96c5506e865624f50a78,de27f15c7a65e786677b8b7e7b57eb8f
n_est_50,b8f2e6c,branch_commit,2025-10-13T09:38:08,,,,0.7313054860004553,0.18886840440849942,0.7066968781470292,0.29807477885973394,0.7964331815803645,0.7212331105799717,0.1673585317893817,0.6171198388721048,0.2633094143428007,0.741109436436035,0.2,42,50,10,5,1,sqrt,42,0.5,075aa110440308737923624b7acf0ce1,d3221d7352c4ec42100eb304ae60185e,793a017f41fbac1dc28176b26dbab30e,a6d63fdce8d0dc089c03a1bfea35cedf,7a2fb61de5215daf78215cdd9866cb89,dbe6e469fd6c65f8337ce661e3c79424,34f66591d19f38e1831457cba034ecc7,068ee13b3dbc96c5506e865624f50a78,de27f15c7a65e786677b8b7e7b57eb8f
baseline,2c0e092,branch_base,2025-10-13T09:36:46,,,,0.7299030925823551,0.18764415598347906,0.7045820745216516,0.2963614029142664,0.7968266579197991,0.7205014389541974,0.1667302764298566,0.6159113796576032,0.2624216939843817,0.7413498223102415,0.2,42,100,10,5,1,sqrt,42,0.5,075aa110440308737923624b7acf0ce1,d3221d7352c4ec42100eb304ae60185e,793a017f41fbac1dc28176b26dbab30e,a6d63fdce8d0dc089c03a1bfea35cedf,9d31cbf85fa0c91c503aa7f19e48de2b,dbe6e469fd6c65f8337ce661e3c79424,34f66591d19f38e1831457cba034ecc7,068ee13b3dbc96c5506e865624f50a78,de27f15c7a65e786677b8b7e7b57eb8f
